id,url,product_id
1,https://media.vlpt.us/images/jaejaypark/post/72eeb193-c81e-4639-bf3e-2ab7163ec55d/%E1%84%89%E1%85%B3%E1%84%8F%E1%85%B3%E1%84%85%E1%85%B5%E1%86%AB%E1%84%89%E1%85%A3%E1%86%BA%202021-12-01%20%E1%84%8B%E1%85%A9%E1%84%92%E1%85%AE%204.40.21.png,1
2,https://media.vlpt.us/images/jaejaypark/post/72eeb193-c81e-4639-bf3e-2ab7163ec55d/%E1%84%89%E1%85%B3%E1%84%8F%E1%85%B3%E1%84%85%E1%85%B5%E1%86%AB%E1%84%89%E1%85%A3%E1%86%BA%202021-12-01%20%E1%84%8B%E1%85%A9%E1%84%92%E1%85%AE%204.40.21.png,2
3,https://media.vlpt.us/images/jaejaypark/post/72eeb193-c81e-4639-bf3e-2ab7163ec55d/%E1%84%89%E1%85%B3%E1%84%8F%E1%85%B3%E1%84%85%E1%85%B5%E1%86%AB%E1%84%89%E1%85%A3%E1%86%BA%202021-12-01%20%E1%84%8B%E1%85%A9%E1%84%92%E1%85%AE%204.40.21.png,3
4,https://media.vlpt.us/images/jaejaypark/post/72eeb193-c81e-4639-bf3e-2ab7163ec55d/%E1%84%89%E1%85%B3%E1%84%8F%E1%85%B3%E1%84%85%E1%85%B5%E1%86%AB%E1%84%89%E1%85%A3%E1%86%BA%202021-12-01%20%E1%84%8B%E1%85%A9%E1%84%92%E1%85%AE%204.40.21.png,4
5,https://media.vlpt.us/images/jaejaypark/post/72eeb193-c81e-4639-bf3e-2ab7163ec55d/%E1%84%89%E1%85%B3%E1%84%8F%E1%85%B3%E1%84%85%E1%85%B5%E1%86%AB%E1%84%89%E1%85%A3%E1%86%BA%202021-12-01%20%E1%84%8B%E1%85%A9%E1%84%92%E1%85%AE%204.40.21.png,5
6,https://media.vlpt.us/images/jaejaypark/post/72eeb193-c81e-4639-bf3e-2ab7163ec55d/%E1%84%89%E1%85%B3%E1%84%8F%E1%85%B3%E1%84%85%E1%85%B5%E1%86%AB%E1%84%89%E1%85%A3%E1%86%BA%202021-12-01%20%E1%84%8B%E1%85%A9%E1%84%92%E1%85%AE%204.40.21.png,6
7,https://media.vlpt.us/images/jaejaypark/post/72eeb193-c81e-4639-bf3e-2ab7163ec55d/%E1%84%89%E1%85%B3%E1%84%8F%E1%85%B3%E1%84%85%E1%85%B5%E1%86%AB%E1%84%89%E1%85%A3%E1%86%BA%202021-12-01%20%E1%84%8B%E1%85%A9%E1%84%92%E1%85%AE%204.40.21.png,7
8,https://media.vlpt.us/images/jaejaypark/post/72eeb193-c81e-4639-bf3e-2ab7163ec55d/%E1%84%89%E1%85%B3%E1%84%8F%E1%85%B3%E1%84%85%E1%85%B5%E1%86%AB%E1%84%89%E1%85%A3%E1%86%BA%202021-12-01%20%E1%84%8B%E1%85%A9%E1%84%92%E1%85%AE%204.40.21.png,8
9,https://media.vlpt.us/images/jaejaypark/post/72eeb193-c81e-4639-bf3e-2ab7163ec55d/%E1%84%89%E1%85%B3%E1%84%8F%E1%85%B3%E1%84%85%E1%85%B5%E1%86%AB%E1%84%89%E1%85%A3%E1%86%BA%202021-12-01%20%E1%84%8B%E1%85%A9%E1%84%92%E1%85%AE%204.40.21.png,9
10,https://media.vlpt.us/images/jaejaypark/post/72eeb193-c81e-4639-bf3e-2ab7163ec55d/%E1%84%89%E1%85%B3%E1%84%8F%E1%85%B3%E1%84%85%E1%85%B5%E1%86%AB%E1%84%89%E1%85%A3%E1%86%BA%202021-12-01%20%E1%84%8B%E1%85%A9%E1%84%92%E1%85%AE%204.40.21.png,10
11,https://media.vlpt.us/images/jaejaypark/post/72eeb193-c81e-4639-bf3e-2ab7163ec55d/%E1%84%89%E1%85%B3%E1%84%8F%E1%85%B3%E1%84%85%E1%85%B5%E1%86%AB%E1%84%89%E1%85%A3%E1%86%BA%202021-12-01%20%E1%84%8B%E1%85%A9%E1%84%92%E1%85%AE%204.40.21.png,11
12,https://media.vlpt.us/images/jaejaypark/post/72eeb193-c81e-4639-bf3e-2ab7163ec55d/%E1%84%89%E1%85%B3%E1%84%8F%E1%85%B3%E1%84%85%E1%85%B5%E1%86%AB%E1%84%89%E1%85%A3%E1%86%BA%202021-12-01%20%E1%84%8B%E1%85%A9%E1%84%92%E1%85%AE%204.40.21.png,12
13,https://media.vlpt.us/images/jaejaypark/post/72eeb193-c81e-4639-bf3e-2ab7163ec55d/%E1%84%89%E1%85%B3%E1%84%8F%E1%85%B3%E1%84%85%E1%85%B5%E1%86%AB%E1%84%89%E1%85%A3%E1%86%BA%202021-12-01%20%E1%84%8B%E1%85%A9%E1%84%92%E1%85%AE%204.40.21.png,13
14,https://media.vlpt.us/images/jaejaypark/post/72eeb193-c81e-4639-bf3e-2ab7163ec55d/%E1%84%89%E1%85%B3%E1%84%8F%E1%85%B3%E1%84%85%E1%85%B5%E1%86%AB%E1%84%89%E1%85%A3%E1%86%BA%202021-12-01%20%E1%84%8B%E1%85%A9%E1%84%92%E1%85%AE%204.40.21.png,14
15,https://media.vlpt.us/images/jaejaypark/post/72eeb193-c81e-4639-bf3e-2ab7163ec55d/%E1%84%89%E1%85%B3%E1%84%8F%E1%85%B3%E1%84%85%E1%85%B5%E1%86%AB%E1%84%89%E1%85%A3%E1%86%BA%202021-12-01%20%E1%84%8B%E1%85%A9%E1%84%92%E1%85%AE%204.40.21.png,15
16,https://media.vlpt.us/images/jaejaypark/post/72eeb193-c81e-4639-bf3e-2ab7163ec55d/%E1%84%89%E1%85%B3%E1%84%8F%E1%85%B3%E1%84%85%E1%85%B5%E1%86%AB%E1%84%89%E1%85%A3%E1%86%BA%202021-12-01%20%E1%84%8B%E1%85%A9%E1%84%92%E1%85%AE%204.40.21.png,16
17,https://media.vlpt.us/images/jaejaypark/post/72eeb193-c81e-4639-bf3e-2ab7163ec55d/%E1%84%89%E1%85%B3%E1%84%8F%E1%85%B3%E1%84%85%E1%85%B5%E1%86%AB%E1%84%89%E1%85%A3%E1%86%BA%202021-12-01%20%E1%84%8B%E1%85%A9%E1%84%92%E1%85%AE%204.40.21.png,17
18,https://media.vlpt.us/images/jaejaypark/post/72eeb193-c81e-4639-bf3e-2ab7163ec55d/%E1%84%89%E1%85%B3%E1%84%8F%E1%85%B3%E1%84%85%E1%85%B5%E1%86%AB%E1%84%89%E1%85%A3%E1%86%BA%202021-12-01%20%E1%84%8B%E1%85%A9%E1%84%92%E1%85%AE%204.40.21.png,18
19,https://media.vlpt.us/images/jaejaypark/post/72eeb193-c81e-4639-bf3e-2ab7163ec55d/%E1%84%89%E1%85%B3%E1%84%8F%E1%85%B3%E1%84%85%E1%85%B5%E1%86%AB%E1%84%89%E1%85%A3%E1%86%BA%202021-12-01%20%E1%84%8B%E1%85%A9%E1%84%92%E1%85%AE%204.40.21.png,19
20,https://media.vlpt.us/images/jaejaypark/post/72eeb193-c81e-4639-bf3e-2ab7163ec55d/%E1%84%89%E1%85%B3%E1%84%8F%E1%85%B3%E1%84%85%E1%85%B5%E1%86%AB%E1%84%89%E1%85%A3%E1%86%BA%202021-12-01%20%E1%84%8B%E1%85%A9%E1%84%92%E1%85%AE%204.40.21.png,20
21,https://media.vlpt.us/images/jaejaypark/post/72eeb193-c81e-4639-bf3e-2ab7163ec55d/%E1%84%89%E1%85%B3%E1%84%8F%E1%85%B3%E1%84%85%E1%85%B5%E1%86%AB%E1%84%89%E1%85%A3%E1%86%BA%202021-12-01%20%E1%84%8B%E1%85%A9%E1%84%92%E1%85%AE%204.40.21.png,21
22,https://media.vlpt.us/images/jaejaypark/post/72eeb193-c81e-4639-bf3e-2ab7163ec55d/%E1%84%89%E1%85%B3%E1%84%8F%E1%85%B3%E1%84%85%E1%85%B5%E1%86%AB%E1%84%89%E1%85%A3%E1%86%BA%202021-12-01%20%E1%84%8B%E1%85%A9%E1%84%92%E1%85%AE%204.40.21.png,23
23,https://media.vlpt.us/images/jaejaypark/post/72eeb193-c81e-4639-bf3e-2ab7163ec55d/%E1%84%89%E1%85%B3%E1%84%8F%E1%85%B3%E1%84%85%E1%85%B5%E1%86%AB%E1%84%89%E1%85%A3%E1%86%BA%202021-12-01%20%E1%84%8B%E1%85%A9%E1%84%92%E1%85%AE%204.40.21.png,22
24,https://media.vlpt.us/images/jaejaypark/post/72eeb193-c81e-4639-bf3e-2ab7163ec55d/%E1%84%89%E1%85%B3%E1%84%8F%E1%85%B3%E1%84%85%E1%85%B5%E1%86%AB%E1%84%89%E1%85%A3%E1%86%BA%202021-12-01%20%E1%84%8B%E1%85%A9%E1%84%92%E1%85%AE%204.40.21.png,24
25,https://media.vlpt.us/images/jaejaypark/post/72eeb193-c81e-4639-bf3e-2ab7163ec55d/%E1%84%89%E1%85%B3%E1%84%8F%E1%85%B3%E1%84%85%E1%85%B5%E1%86%AB%E1%84%89%E1%85%A3%E1%86%BA%202021-12-01%20%E1%84%8B%E1%85%A9%E1%84%92%E1%85%AE%204.40.21.png,25
26,https://media.vlpt.us/images/jaejaypark/post/72eeb193-c81e-4639-bf3e-2ab7163ec55d/%E1%84%89%E1%85%B3%E1%84%8F%E1%85%B3%E1%84%85%E1%85%B5%E1%86%AB%E1%84%89%E1%85%A3%E1%86%BA%202021-12-01%20%E1%84%8B%E1%85%A9%E1%84%92%E1%85%AE%204.40.21.png,26
27,https://media.vlpt.us/images/jaejaypark/post/72eeb193-c81e-4639-bf3e-2ab7163ec55d/%E1%84%89%E1%85%B3%E1%84%8F%E1%85%B3%E1%84%85%E1%85%B5%E1%86%AB%E1%84%89%E1%85%A3%E1%86%BA%202021-12-01%20%E1%84%8B%E1%85%A9%E1%84%92%E1%85%AE%204.40.21.png,27
28,https://media.vlpt.us/images/jaejaypark/post/72eeb193-c81e-4639-bf3e-2ab7163ec55d/%E1%84%89%E1%85%B3%E1%84%8F%E1%85%B3%E1%84%85%E1%85%B5%E1%86%AB%E1%84%89%E1%85%A3%E1%86%BA%202021-12-01%20%E1%84%8B%E1%85%A9%E1%84%92%E1%85%AE%204.40.21.png,28
29,https://media.vlpt.us/images/jaejaypark/post/72eeb193-c81e-4639-bf3e-2ab7163ec55d/%E1%84%89%E1%85%B3%E1%84%8F%E1%85%B3%E1%84%85%E1%85%B5%E1%86%AB%E1%84%89%E1%85%A3%E1%86%BA%202021-12-01%20%E1%84%8B%E1%85%A9%E1%84%92%E1%85%AE%204.40.21.png,29
30,https://media.vlpt.us/images/jaejaypark/post/72eeb193-c81e-4639-bf3e-2ab7163ec55d/%E1%84%89%E1%85%B3%E1%84%8F%E1%85%B3%E1%84%85%E1%85%B5%E1%86%AB%E1%84%89%E1%85%A3%E1%86%BA%202021-12-01%20%E1%84%8B%E1%85%A9%E1%84%92%E1%85%AE%204.40.21.png,30
31,https://media.vlpt.us/images/jaejaypark/post/72eeb193-c81e-4639-bf3e-2ab7163ec55d/%E1%84%89%E1%85%B3%E1%84%8F%E1%85%B3%E1%84%85%E1%85%B5%E1%86%AB%E1%84%89%E1%85%A3%E1%86%BA%202021-12-01%20%E1%84%8B%E1%85%A9%E1%84%92%E1%85%AE%204.40.21.png,31
32,https://media.vlpt.us/images/jaejaypark/post/72eeb193-c81e-4639-bf3e-2ab7163ec55d/%E1%84%89%E1%85%B3%E1%84%8F%E1%85%B3%E1%84%85%E1%85%B5%E1%86%AB%E1%84%89%E1%85%A3%E1%86%BA%202021-12-01%20%E1%84%8B%E1%85%A9%E1%84%92%E1%85%AE%204.40.21.png,32
33,https://media.vlpt.us/images/jaejaypark/post/72eeb193-c81e-4639-bf3e-2ab7163ec55d/%E1%84%89%E1%85%B3%E1%84%8F%E1%85%B3%E1%84%85%E1%85%B5%E1%86%AB%E1%84%89%E1%85%A3%E1%86%BA%202021-12-01%20%E1%84%8B%E1%85%A9%E1%84%92%E1%85%AE%204.40.21.png,33
34,https://media.vlpt.us/images/jaejaypark/post/72eeb193-c81e-4639-bf3e-2ab7163ec55d/%E1%84%89%E1%85%B3%E1%84%8F%E1%85%B3%E1%84%85%E1%85%B5%E1%86%AB%E1%84%89%E1%85%A3%E1%86%BA%202021-12-01%20%E1%84%8B%E1%85%A9%E1%84%92%E1%85%AE%204.40.21.png,34
35,https://media.vlpt.us/images/jaejaypark/post/72eeb193-c81e-4639-bf3e-2ab7163ec55d/%E1%84%89%E1%85%B3%E1%84%8F%E1%85%B3%E1%84%85%E1%85%B5%E1%86%AB%E1%84%89%E1%85%A3%E1%86%BA%202021-12-01%20%E1%84%8B%E1%85%A9%E1%84%92%E1%85%AE%204.40.21.png,35
36,https://media.vlpt.us/images/jaejaypark/post/72eeb193-c81e-4639-bf3e-2ab7163ec55d/%E1%84%89%E1%85%B3%E1%84%8F%E1%85%B3%E1%84%85%E1%85%B5%E1%86%AB%E1%84%89%E1%85%A3%E1%86%BA%202021-12-01%20%E1%84%8B%E1%85%A9%E1%84%92%E1%85%AE%204.40.21.png,36
37,https://media.vlpt.us/images/jaejaypark/post/72eeb193-c81e-4639-bf3e-2ab7163ec55d/%E1%84%89%E1%85%B3%E1%84%8F%E1%85%B3%E1%84%85%E1%85%B5%E1%86%AB%E1%84%89%E1%85%A3%E1%86%BA%202021-12-01%20%E1%84%8B%E1%85%A9%E1%84%92%E1%85%AE%204.40.21.png,37
38,https://media.vlpt.us/images/jaejaypark/post/72eeb193-c81e-4639-bf3e-2ab7163ec55d/%E1%84%89%E1%85%B3%E1%84%8F%E1%85%B3%E1%84%85%E1%85%B5%E1%86%AB%E1%84%89%E1%85%A3%E1%86%BA%202021-12-01%20%E1%84%8B%E1%85%A9%E1%84%92%E1%85%AE%204.40.21.png,38
39,https://media.vlpt.us/images/jaejaypark/post/72eeb193-c81e-4639-bf3e-2ab7163ec55d/%E1%84%89%E1%85%B3%E1%84%8F%E1%85%B3%E1%84%85%E1%85%B5%E1%86%AB%E1%84%89%E1%85%A3%E1%86%BA%202021-12-01%20%E1%84%8B%E1%85%A9%E1%84%92%E1%85%AE%204.40.21.png,39
40,https://media.vlpt.us/images/jaejaypark/post/72eeb193-c81e-4639-bf3e-2ab7163ec55d/%E1%84%89%E1%85%B3%E1%84%8F%E1%85%B3%E1%84%85%E1%85%B5%E1%86%AB%E1%84%89%E1%85%A3%E1%86%BA%202021-12-01%20%E1%84%8B%E1%85%A9%E1%84%92%E1%85%AE%204.40.21.png,40
41,https://media.vlpt.us/images/jaejaypark/post/bd87b2bc-a44f-4b44-994a-54c5a3d2d8fd/%E1%84%89%E1%85%B3%E1%84%8F%E1%85%B3%E1%84%85%E1%85%B5%E1%86%AB%E1%84%89%E1%85%A3%E1%86%BA%202021-12-01%20%E1%84%8B%E1%85%A9%E1%84%92%E1%85%AE%204.37.27.png,41
42,https://media.vlpt.us/images/jaejaypark/post/6bbeec1a-e234-4409-8b80-ec3f702b2a40/%E1%84%89%E1%85%B3%E1%84%8F%E1%85%B3%E1%84%85%E1%85%B5%E1%86%AB%E1%84%89%E1%85%A3%E1%86%BA%202021-12-01%20%E1%84%8B%E1%85%A9%E1%84%92%E1%85%AE%204.38.26.png,42
43,https://media.vlpt.us/images/jaejaypark/post/7eb843dd-de64-4586-8f35-64b5f246d018/%E1%84%89%E1%85%B3%E1%84%8F%E1%85%B3%E1%84%85%E1%85%B5%E1%86%AB%E1%84%89%E1%85%A3%E1%86%BA%202021-12-01%20%E1%84%8B%E1%85%A9%E1%84%92%E1%85%AE%204.38.35.png,43
44,https://media.vlpt.us/images/jaejaypark/post/1aa6ea9d-e653-42ee-beae-b421bd3acc63/%E1%84%89%E1%85%B3%E1%84%8F%E1%85%B3%E1%84%85%E1%85%B5%E1%86%AB%E1%84%89%E1%85%A3%E1%86%BA%202021-12-01%20%E1%84%8B%E1%85%A9%E1%84%92%E1%85%AE%204.39.11.png,44
45,https://media.vlpt.us/images/jaejaypark/post/0039e312-ba7b-4702-8217-31da6adbfac1/%E1%84%89%E1%85%B3%E1%84%8F%E1%85%B3%E1%84%85%E1%85%B5%E1%86%AB%E1%84%89%E1%85%A3%E1%86%BA%202021-12-01%20%E1%84%8B%E1%85%A9%E1%84%92%E1%85%AE%204.39.31.png,45
46,https://media.vlpt.us/images/jaejaypark/post/b751e334-3c93-4c52-99b9-e29fa4971a4d/%E1%84%89%E1%85%B3%E1%84%8F%E1%85%B3%E1%84%85%E1%85%B5%E1%86%AB%E1%84%89%E1%85%A3%E1%86%BA%202021-12-01%20%E1%84%8B%E1%85%A9%E1%84%92%E1%85%AE%204.39.44.png,46
47,https://media.vlpt.us/images/jaejaypark/post/8dbd1e58-44d8-4e26-b8f1-8f56946fcf7b/%E1%84%89%E1%85%B3%E1%84%8F%E1%85%B3%E1%84%85%E1%85%B5%E1%86%AB%E1%84%89%E1%85%A3%E1%86%BA%202021-12-01%20%E1%84%8B%E1%85%A9%E1%84%92%E1%85%AE%204.39.56.png,47
48,https://media.vlpt.us/images/jaejaypark/post/ad1cac7d-76f6-46d6-88bd-6b4ca69d0879/%E1%84%89%E1%85%B3%E1%84%8F%E1%85%B3%E1%84%85%E1%85%B5%E1%86%AB%E1%84%89%E1%85%A3%E1%86%BA%202021-12-01%20%E1%84%8B%E1%85%A9%E1%84%92%E1%85%AE%204.42.03.png,48
49,https://media.vlpt.us/images/jaejaypark/post/0b430b5b-ba67-4e71-b677-4debb2421e20/%E1%84%89%E1%85%B3%E1%84%8F%E1%85%B3%E1%84%85%E1%85%B5%E1%86%AB%E1%84%89%E1%85%A3%E1%86%BA%202021-12-01%20%E1%84%8B%E1%85%A9%E1%84%92%E1%85%AE%204.42.13.png,49
50,https://media.vlpt.us/images/jaejaypark/post/bd87b2bc-a44f-4b44-994a-54c5a3d2d8fd/%E1%84%89%E1%85%B3%E1%84%8F%E1%85%B3%E1%84%85%E1%85%B5%E1%86%AB%E1%84%89%E1%85%A3%E1%86%BA%202021-12-01%20%E1%84%8B%E1%85%A9%E1%84%92%E1%85%AE%204.37.27.png,50
51,https://media.vlpt.us/images/jaejaypark/post/6bbeec1a-e234-4409-8b80-ec3f702b2a40/%E1%84%89%E1%85%B3%E1%84%8F%E1%85%B3%E1%84%85%E1%85%B5%E1%86%AB%E1%84%89%E1%85%A3%E1%86%BA%202021-12-01%20%E1%84%8B%E1%85%A9%E1%84%92%E1%85%AE%204.38.26.png,51
52,https://media.vlpt.us/images/jaejaypark/post/7eb843dd-de64-4586-8f35-64b5f246d018/%E1%84%89%E1%85%B3%E1%84%8F%E1%85%B3%E1%84%85%E1%85%B5%E1%86%AB%E1%84%89%E1%85%A3%E1%86%BA%202021-12-01%20%E1%84%8B%E1%85%A9%E1%84%92%E1%85%AE%204.38.35.png,52
53,https://media.vlpt.us/images/jaejaypark/post/1aa6ea9d-e653-42ee-beae-b421bd3acc63/%E1%84%89%E1%85%B3%E1%84%8F%E1%85%B3%E1%84%85%E1%85%B5%E1%86%AB%E1%84%89%E1%85%A3%E1%86%BA%202021-12-01%20%E1%84%8B%E1%85%A9%E1%84%92%E1%85%AE%204.39.11.png,53
54,https://media.vlpt.us/images/jaejaypark/post/0039e312-ba7b-4702-8217-31da6adbfac1/%E1%84%89%E1%85%B3%E1%84%8F%E1%85%B3%E1%84%85%E1%85%B5%E1%86%AB%E1%84%89%E1%85%A3%E1%86%BA%202021-12-01%20%E1%84%8B%E1%85%A9%E1%84%92%E1%85%AE%204.39.31.png,54
55,https://media.vlpt.us/images/jaejaypark/post/b751e334-3c93-4c52-99b9-e29fa4971a4d/%E1%84%89%E1%85%B3%E1%84%8F%E1%85%B3%E1%84%85%E1%85%B5%E1%86%AB%E1%84%89%E1%85%A3%E1%86%BA%202021-12-01%20%E1%84%8B%E1%85%A9%E1%84%92%E1%85%AE%204.39.44.png,55
56,https://media.vlpt.us/images/jaejaypark/post/8dbd1e58-44d8-4e26-b8f1-8f56946fcf7b/%E1%84%89%E1%85%B3%E1%84%8F%E1%85%B3%E1%84%85%E1%85%B5%E1%86%AB%E1%84%89%E1%85%A3%E1%86%BA%202021-12-01%20%E1%84%8B%E1%85%A9%E1%84%92%E1%85%AE%204.39.56.png,56
57,https://media.vlpt.us/images/jaejaypark/post/ad1cac7d-76f6-46d6-88bd-6b4ca69d0879/%E1%84%89%E1%85%B3%E1%84%8F%E1%85%B3%E1%84%85%E1%85%B5%E1%86%AB%E1%84%89%E1%85%A3%E1%86%BA%202021-12-01%20%E1%84%8B%E1%85%A9%E1%84%92%E1%85%AE%204.42.03.png,57
58,https://media.vlpt.us/images/jaejaypark/post/0b430b5b-ba67-4e71-b677-4debb2421e20/%E1%84%89%E1%85%B3%E1%84%8F%E1%85%B3%E1%84%85%E1%85%B5%E1%86%AB%E1%84%89%E1%85%A3%E1%86%BA%202021-12-01%20%E1%84%8B%E1%85%A9%E1%84%92%E1%85%AE%204.42.13.png,58
59,https://media.vlpt.us/images/jaejaypark/post/bd87b2bc-a44f-4b44-994a-54c5a3d2d8fd/%E1%84%89%E1%85%B3%E1%84%8F%E1%85%B3%E1%84%85%E1%85%B5%E1%86%AB%E1%84%89%E1%85%A3%E1%86%BA%202021-12-01%20%E1%84%8B%E1%85%A9%E1%84%92%E1%85%AE%204.37.27.png,59
60,https://media.vlpt.us/images/jaejaypark/post/6bbeec1a-e234-4409-8b80-ec3f702b2a40/%E1%84%89%E1%85%B3%E1%84%8F%E1%85%B3%E1%84%85%E1%85%B5%E1%86%AB%E1%84%89%E1%85%A3%E1%86%BA%202021-12-01%20%E1%84%8B%E1%85%A9%E1%84%92%E1%85%AE%204.38.26.png,60